,,,,,,,,,,,,,,
,,,,,,,,,,,,,,
,,Panduan Pengisian Tracker SNBT 2026 by TTL Indonesia,,,,,(PLEASE BACA YAH),,,BUAT SALINAN YA GAIS,,,,
,,,,,,,,,,,,,,
,,"1. Untuk mendapatkan tracker ini, jangan request access. Tekan file dan pilih Buat Salinan (sesuai gambar).",,,,,,,,,,,,
,,"2. Setelah kamu membuat salinan, tracker ini sudah bisa diedit.",,,,,,,,,,,,
,,3. Tracker TTL dibuat berdasarkan persebaran Materi UTBK 2025 yang menganut 7 subtes.,,,,,,----> ,,,,,,
,,"4. Pada bagian Dasbor, masukkan identitas dan ubah selesai belajar sesuai rencana masing-masing.",,,,,,,,,,,,
,,"5. Grafik dan tabel akan otomatis terupdate setelah mengisi sheet lain, jangan edit bagian ini.",,,,,,,,,,,,
,,"6. Pada tiap subtes, beri tanda centang tiap submateri yang sudah dipelajari. Baik materi, latsol, atau review.",,,,,,,,,,,,
,,,,,,,,,,,,,,
,,,,,,,,,,,,,,
,,Bingung bagi materi belajar SNBT?,,,,,,Ikuti saluran YouTube TTL Indonesia!,,,,Hubungi admin TTL di:,,
,,Yuk Ikuti Jadwal Belajar by TTL,,,,,,s.id/youtubeTTL,,,,,,
,,,,,,,,,,,,,Instagram,@ttl.id
,,,,,,,,,,,,,Tiktok,@ttl.id
,,,,,,,,,,,,,X/Twitter,@ttlindonesia
,,,,,,,,,,,,,Email,teamtanpales.id@gmail.com
,,,,,,,,,,,,,,
,,,,,,,,,,,,,,
,,,,,,,,,,,Bingung cara mulai belajar SNBT dari awal?,,,
,,,,,,,,,,,Cek video,,,
,,,,,,,,,,,https://youtu.be/QufCXVxQPAw?si=lAFotUjO1ul_EemF,,,